<?xml version="1.0" encoding="Windows-1252" ?>
<NotepadPlus>
	<AutoComplete>
        <KeyWord name="add" />
        <KeyWord name="abs_smallpaved_factor" />
        <KeyWord name="abs_univ_factor" />
        <KeyWord name="access" />
        <KeyWord name="accesspenalty" />
        <KeyWord name="allow_ferries" />
        <KeyWord name="allow_steps" />
        <KeyWord name="allow_traffic_penalty" />
        <KeyWord name="and" />
        <KeyWord name="any_cn" />
        <KeyWord name="any_cn_proposed" />
        <KeyWord name="any_cn_yes" />
        <KeyWord name="any_cycleroute" />
        <KeyWord name="asphalt" />
        <KeyWord name="assign" />
        <KeyWord name="avoid_unsafe" />
        <KeyWord name="badoneway" />
        <KeyWord name="bend" />
        <KeyWord name="bicycle" />
        <KeyWord name="bikeaccess" />
        <KeyWord name="bridleway" />
        <KeyWord name="bstart" />
        <KeyWord name="classifiermask" />
        <KeyWord name="cobblestone" />
        <KeyWord name="concrete" />
        <KeyWord name="consider_elevation" />
        <KeyWord name="consider_smoothness" />
        <KeyWord name="cost_of_unknown" />
        <KeyWord name="costfactor" />
        <KeyWord name="crossing" />
        <KeyWord name="cycleroutes_pref" />
        <KeyWord name="cycleway" />
        <KeyWord name="defaultaccess" />
        <KeyWord name="designated" />
        <KeyWord name="dismount" />
        <KeyWord name="downhillCFshift" />
        <KeyWord name="downhillcost" />
        <KeyWord name="downhillcostfactor" />
        <KeyWord name="downhillcostvalue" />
        <KeyWord name="downhillcutoff" />
        <KeyWord name="downhillcutoffvalue" />
        <KeyWord name="elevationbufferreduce" />
        <KeyWord name="elevationmaxbuffer" />
        <KeyWord name="elevationpenaltybuffer" />
        <KeyWord name="else" />
        <KeyWord name="false" />
        <KeyWord name="ferry" />
        <KeyWord name="fine_gravel" />
        <KeyWord name="foot" />
        <KeyWord name="footaccess" />
        <KeyWord name="footway" />
        <KeyWord name="grade1" />
        <KeyWord name="grade2" />
        <KeyWord name="grade3" />
        <KeyWord name="grade4" />
        <KeyWord name="grade5" />
        <KeyWord name="gravel" />
        <KeyWord name="greater" />
        <KeyWord name="hascycleway" />
        <KeyWord name="highway" />
        <KeyWord name="hills" />
        <KeyWord name="if" />
        <KeyWord name="initial_cost_node" />
        <KeyWord name="initialclassifier" />
        <KeyWord name="initialcost" />
        <KeyWord name="initialcost" />
        <KeyWord name="is_ldcr" />
        <KeyWord name="isbadoneway" />
        <KeyWord name="isbike " />
        <KeyWord name="isgoodforcars" />
        <KeyWord name="isgoodoneway" />
        <KeyWord name="isicn" />
        <KeyWord name="islcn" />
        <KeyWord name="islinktype" />
        <KeyWord name="ismainroad" />
        <KeyWord name="ismuddy" />
        <KeyWord name="isncn" />
        <KeyWord name="ispaved" />
        <KeyWord name="isrcn" />
        <KeyWord name="isroundabout" />
        <KeyWord name="istrack" />
        <KeyWord name="isunpaved" />
        <KeyWord name="iswet" />
        <KeyWord name="junction" />
        <KeyWord name="living_street" />
        <KeyWord name="max" />
        <KeyWord name="min" />
        <KeyWord name="motorroad" />
        <KeyWord name="motorway" />
        <KeyWord name="motorway_link" />
        <KeyWord name="mtb_factor" />
        <KeyWord name="mtb_factor_for_road" />
        <KeyWord name="mtb_hillcostfactor" />
        <KeyWord name="mtb_scale_penalty" />
        <KeyWord name="multiply" />
        <KeyWord name="network_coef" />
        <KeyWord name="no" />
        <KeyWord name="no_network_coef" />
        <KeyWord name="nodeaccessgranted" />
        <KeyWord name="nonpath_penalty" />
        <KeyWord name="not" />
        <KeyWord name="not_isbike_track_penalty" />
        <KeyWord name="oneway" />
        <KeyWord name="onewaypenalty" />
        <KeyWord name="opposite" />
        <KeyWord name="opposite_lane" />
        <KeyWord name="opposite_track" />
        <KeyWord name="or" />
        <KeyWord name="pass1coefficient" />
        <KeyWord name="pass2coefficient" />
        <KeyWord name="path" />
        <KeyWord name="path_preference" />
        <KeyWord name="paved" />
        <KeyWord name="paving_stones" />
        <KeyWord name="pebblestone" />
        <KeyWord name="pedestrian" />
        <KeyWord name="permissive" />
        <KeyWord name="positive_smallpaved_factor" />
        <KeyWord name="primary" />
        <KeyWord name="primary_link" />
        <KeyWord name="priorityclassifier" />
        <KeyWord name="private" />
        <KeyWord name="probablyGood" />
        <KeyWord name="profile" />
        <KeyWord name="rawcostfactor" />
        <KeyWord name="rawcostfactor2" />
        <KeyWord name="residential" />
        <KeyWord name="reversedirection" />
        <KeyWord name="road" />
        <KeyWord name="roughness_penalty" />
        <KeyWord name="roundabout" />
        <KeyWord name="route" />
        <KeyWord name="routelevel" />
        <KeyWord name="secondary" />
        <KeyWord name="secondary_link" />
        <KeyWord name="service" />
        <KeyWord name="set_downhill_cost" />
        <KeyWord name="set_uphill_cost" />
        <KeyWord name="smallpaved_factor" />
        <KeyWord name="smallpaved_factor_for_road   " />
        <KeyWord name="smoothness" />
        <KeyWord name="smoothness_penalty  " />
        <KeyWord name="steps" />
        <KeyWord name="stop" />
        <KeyWord name="sub" />
        <KeyWord name="surface" />
        <KeyWord name="surface_penalty " />
        <KeyWord name="switch" />
        <KeyWord name="switch" />
        <KeyWord name="tertiary" />
        <KeyWord name="tertiary_link" />
        <KeyWord name="then" />
        <KeyWord name="track" />
        <KeyWord name="trackclass_penalty " />
        <KeyWord name="tracktype_penalty " />
        <KeyWord name="traffic_signals" />
        <KeyWord name="trafficpenalty" />
        <KeyWord name="trafficpenalty0" />
        <KeyWord name="trekking" />
        <KeyWord name="true" />
        <KeyWord name="trunk" />
        <KeyWord name="trunk_link" />
        <KeyWord name="turnInstructionMode" />
        <KeyWord name="turncost" />
        <KeyWord name="unclassified" />
        <KeyWord name="univ_factor_coef" />
        <KeyWord name="unsafe_penalty" />
        <KeyWord name="uphillCFshift" />
        <KeyWord name="uphillcost" />
        <KeyWord name="uphillcostfactor" />
        <KeyWord name="uphillcostvalue" />
        <KeyWord name="uphillcutoff" />
        <KeyWord name="uphillcutoffvalue" />
        <KeyWord name="use_proposed_cn" />
        <KeyWord name="validForBikes" />
        <KeyWord name="valley_nonflat_multiplier" />
        <KeyWord name="vehicle" />
        <KeyWord name="version" />
        <KeyWord name="wet_penalty" />
        <KeyWord name="yes" />
      	</AutoComplete>
</NotepadPlus>
